
INSERT INTO app_country (id, countryname) VALUES ('1', 'INDIA');

INSERT INTO app_state (id, statename, countryid) VALUES ('1', 'Haryana', '1');
INSERT INTO app_state (id, statename, countryid) VALUES ('2', 'Delhi', '1');

INSERT INTO app_city (id, cityname, stateid) VALUES ('1', 'Gurugram', '1');
INSERT INTO app_city (id, cityname, stateid) VALUES ('2', 'Gurgaon', '1');
INSERT INTO app_city (id, cityname, stateid) VALUES ('3', 'Good-gaon', '1');
INSERT INTO app_city (id, cityname, stateid) VALUES ('4', 'Good-gaammaa', '1');
INSERT INTO app_city (id, cityname, stateid) VALUES ('5', 'Good-gaavaa', '1');

INSERT INTO app_city (id, cityname, stateid) VALUES ('6', 'LalQuila', '2');
INSERT INTO app_city (id, cityname, stateid) VALUES ('7', 'QutabMinar', '2');
INSERT INTO app_city (id, cityname, stateid) VALUES ('8', 'LotusTemple', '2');
INSERT INTO app_city (id, cityname, stateid) VALUES ('9', 'AksharDham', '2');
INSERT INTO app_city (id, cityname, stateid) VALUES ('10', 'GyarehMoorti', '2');

INSERT INTO app_zipcode (id, zipcode, cityid) VALUES ('1', '122001', '1');
INSERT INTO app_zipcode (id, zipcode, cityid) VALUES ('2', '122002', '2');
INSERT INTO app_zipcode (id, zipcode, cityid) VALUES ('3', '122003', '3');
INSERT INTO app_zipcode (id, zipcode, cityid) VALUES ('4', '122004', '4');
INSERT INTO app_zipcode (id, zipcode, cityid) VALUES ('5', '122005', '5');

INSERT INTO app_zipcode (id, zipcode, cityid) VALUES ('6', '111001', '6');
INSERT INTO app_zipcode (id, zipcode, cityid) VALUES ('7', '111002', '7');
INSERT INTO app_zipcode (id, zipcode, cityid) VALUES ('8', '111003', '8');
INSERT INTO app_zipcode (id, zipcode, cityid) VALUES ('9', '111004', '9');
INSERT INTO app_zipcode (id, zipcode, cityid) VALUES ('10', '111005', '10');




INSERT INTO app_country (id, countryname) VALUES ('2', 'USA');

INSERT INTO app_state (id, statename, countryid) VALUES ('3', 'California', '2');
INSERT INTO app_state (id, statename, countryid) VALUES ('4', 'Texas', '2');


INSERT INTO app_city (id, cityname, stateid) VALUES ('11', 'LosAngeles', '3');
INSERT INTO app_city (id, cityname, stateid) VALUES ('12', 'SanDiego', '3');
INSERT INTO app_city (id, cityname, stateid) VALUES ('13', 'SanJose', '3');
INSERT INTO app_city (id, cityname, stateid) VALUES ('14', 'SanFrancisco', '3');
INSERT INTO app_city (id, cityname, stateid) VALUES ('15', 'Fresno', '3');

INSERT INTO app_city (id, cityname, stateid) VALUES ('16', 'Houston', '4');
INSERT INTO app_city (id, cityname, stateid) VALUES ('17', 'Dallas', '4');
INSERT INTO app_city (id, cityname, stateid) VALUES ('18', 'Austin', '4');
INSERT INTO app_city (id, cityname, stateid) VALUES ('19', 'Plano', '4');
INSERT INTO app_city (id, cityname, stateid) VALUES ('20', 'Irving', '4');



INSERT INTO app_zipcode (id, zipcode, cityid) VALUES ('11', '10001', '11');
INSERT INTO app_zipcode (id, zipcode, cityid) VALUES ('12', '10002', '12');
INSERT INTO app_zipcode (id, zipcode, cityid) VALUES ('13', '10003', '13');
INSERT INTO app_zipcode (id, zipcode, cityid) VALUES ('14', '10004', '14');
INSERT INTO app_zipcode (id, zipcode, cityid) VALUES ('15', '10005', '15');

INSERT INTO app_zipcode (id, zipcode, cityid) VALUES ('16', '10006', '16');
INSERT INTO app_zipcode (id, zipcode, cityid) VALUES ('17', '10007', '17');
INSERT INTO app_zipcode (id, zipcode, cityid) VALUES ('18', '10008', '18');
INSERT INTO app_zipcode (id, zipcode, cityid) VALUES ('19', '10009', '19');
INSERT INTO app_zipcode (id, zipcode, cityid) VALUES ('20', '10010', '20');